{"cameraMode":{"drawMode":0,"name":"Shaded","section":"Shading Mode"},"sceneLighting":false,"audioPlay":false,"sceneViewState":{"m_AlwaysRefresh":false,"showFog":true,"showSkybox":false,"showFlares":true,"showImageEffects":true,"showParticleSystems":true,"showVisualEffectGraphs":true,"m_FxEnabled":true},"in2DMode":false,"pivot":{"x":58.63928985595703,"y":0.33427995443344118,"z":1.3637666702270508},"rotation":{"x":-0.05117186903953552,"y":0.9002770781517029,"z":-0.11020806431770325,"w":-0.4180174171924591},"size":2.0660252571105959,"orthographic":false}